{
  "race_id": "2024_24",
  "strongest_confidence_driver": [
    {
      "driver": "NOR",
      "confidence_score": 1.0,
      "podium_probability": 0.8670517397371761,
      "points_probability": 0.9924956791362848,
      "dnf_probability": 0.01012235732170394
    }
  ],
  "best_predicted_top3": [
    {
      "driver": "NOR",
      "pred_two_stage": 1,
      "podium_probability": 0.8670517397371761
    },
    {
      "driver": "SAI",
      "pred_two_stage": 1,
      "podium_probability": 0.8892048387918642
    },
    {
      "driver": "LEC",
      "pred_two_stage": 1,
      "podium_probability": 0.534440748398871
    }
  ],
  "full_table": [
    {
      "race_id": "2024_24",
      "driver": "NOR",
      "team": "McLaren",
      "year": 2024,
      "round": 24,
      "gp_name": "Abu Dhabi Grand Prix",
      "circuit": "Yas Island",
      "is_dnf": 0,
      "season_phase": "late",
      "actual_finish": 1,
      "dnf_probability": 0.01012235732170394,
      "podium_probability": 0.8670517397371761,
      "points_probability": 0.9924956791362848,
      "confidence_score": 1.0,
      "pred_lr": 6,
      "score_lr": 6.157666340918422,
      "pred_rf": 2,
      "score_rf": 1.5342876984126985,
      "pred_xgb": 1,
      "score_xgb": 1.1699751615524292,
      "pred_ensemble": 2,
      "score_ensemble": 1.9861980379347364,
      "pred_finisher_regressor": 1,
      "score_finisher_regressor": 1.0018356787943414,
      "pred_two_stage": 1,
      "score_two_stage": -1.8017874175501456,
      "pred_rankblend": 1,
      "score_rankblend": -1.3765003023808922
    },
    {
      "race_id": "2024_24",
      "driver": "SAI",
      "team": "Ferrari",
      "year": 2024,
      "round": 24,
      "gp_name": "Abu Dhabi Grand Prix",
      "circuit": "Yas Island",
      "is_dnf": 0,
      "season_phase": "late",
      "actual_finish": 2,
      "dnf_probability": 0.010144603145927343,
      "podium_probability": 0.8892048387918642,
      "points_probability": 0.9803738470005839,
      "confidence_score": 1.0,
      "pred_lr": 7,
      "score_lr": 6.616247212703352,
      "pred_rf": 2,
      "score_rf": 2.192481511544011,
      "pred_xgb": 2,
      "score_xgb": 2.0126090049743652,
      "pred_ensemble": 3,
      "score_ensemble": 2.722223071285091,
      "pred_finisher_regressor": 2,
      "score_finisher_regressor": 1.9932462328577518,
      "pred_two_stage": 1,
      "score_two_stage": -0.8492227041407588,
      "pred_rankblend": 1,
      "score_rankblend": -0.6806056202886266
    },
    {
      "race_id": "2024_24",
      "driver": "LEC",
      "team": "Ferrari",
      "year": 2024,
      "round": 24,
      "gp_name": "Abu Dhabi Grand Prix",
      "circuit": "Yas Island",
      "is_dnf": 0,
      "season_phase": "late",
      "actual_finish": 3,
      "dnf_probability": 0.010921290056386463,
      "podium_probability": 0.534440748398871,
      "points_probability": 0.994123185719321,
      "confidence_score": 1.0,
      "pred_lr": 4,
      "score_lr": 3.506839811581642,
      "pred_rf": 4,
      "score_rf": 3.8225366855366856,
      "pred_xgb": 3,
      "score_xgb": 3.209016799926758,
      "pred_ensemble": 3,
      "score_ensemble": 3.423339272815041,
      "pred_finisher_regressor": 3,
      "score_finisher_regressor": 2.981449530573145,
      "pred_two_stage": 1,
      "score_two_stage": 0.927932139753842,
      "pred_rankblend": 1,
      "score_rankblend": 0.8937292249224502
    },
    {
      "race_id": "2024_24",
      "driver": "HAM",
      "team": "Mercedes",
      "year": 2024,
      "round": 24,
      "gp_name": "Abu Dhabi Grand Prix",
      "circuit": "Yas Island",
      "is_dnf": 0,
      "season_phase": "late",
      "actual_finish": 4,
      "dnf_probability": 0.0141152185664695,
      "podium_probability": 0.08035922653426908,
      "points_probability": 0.981942785221403,
      "confidence_score": 1.0,
      "pred_lr": 6,
      "score_lr": 5.6670981892482555,
      "pred_rf": 6,
      "score_rf": 5.970189054001554,
      "pred_xgb": 5,
      "score_xgb": 4.735474586486816,
      "pred_ensemble": 5,
      "score_ensemble": 5.214382160069411,
      "pred_finisher_regressor": 4,
      "score_finisher_regressor": 3.9895462490317666,
      "pred_two_stage": 3,
      "score_two_stage": 2.9814503568962762,
      "pred_rankblend": 4,
      "score_rankblend": 3.8495740957560973
    },
    {
      "race_id": "2024_24",
      "driver": "RUS",
      "team": "Mercedes",
      "year": 2024,
      "round": 24,
      "gp_name": "Abu Dhabi Grand Prix",
      "circuit": "Yas Island",
      "is_dnf": 0,
      "season_phase": "late",
      "actual_finish": 5,
      "dnf_probability": 0.009740433756811452,
      "podium_probability": 0.6167587658751442,
      "points_probability": 0.8029095550443155,
      "confidence_score": 1.0,
      "pred_lr": 9,
      "score_lr": 8.835714866068162,
      "pred_rf": 4,
      "score_rf": 4.30420256132756,
      "pred_xgb": 5,
      "score_xgb": 5.006760597229004,
      "pred_ensemble": 5,
      "score_ensemble": 5.358516421329239,
      "pred_finisher_regressor": 5,
      "score_finisher_regressor": 4.980281844793777,
      "pred_two_stage": 3,
      "score_two_stage": 2.9089177570620643,
      "pred_rankblend": 3,
      "score_rankblend": 2.856814514741635
    },
    {
      "race_id": "2024_24",
      "driver": "VER",
      "team": "Red Bull Racing",
      "year": 2024,
      "round": 24,
      "gp_name": "Abu Dhabi Grand Prix",
      "circuit": "Yas Island",
      "is_dnf": 0,
      "season_phase": "late",
      "actual_finish": 6,
      "dnf_probability": 0.009185600677338396,
      "podium_probability": 0.6846112884639476,
      "points_probability": 0.630513130354836,
      "confidence_score": 1.0,
      "pred_lr": 10,
      "score_lr": 10.045167592030753,
      "pred_rf": 5,
      "score_rf": 4.782366224053722,
      "pred_xgb": 6,
      "score_xgb": 6.118701934814453,
      "pred_ensemble": 6,
      "score_ensemble": 6.30708221341304,
      "pred_finisher_regressor": 6,
      "score_finisher_regressor": 5.976750025905654,
      "pred_two_stage": 4,
      "score_two_stage": 3.905655212251772,
      "pred_rankblend": 4,
      "score_rankblend": 3.848747782357649
    },
    {
      "race_id": "2024_24",
      "driver": "GAS",
      "team": "Alpine",
      "year": 2024,
      "round": 24,
      "gp_name": "Abu Dhabi Grand Prix",
      "circuit": "Yas Island",
      "is_dnf": 0,
      "season_phase": "late",
      "actual_finish": 7,
      "dnf_probability": 0.02214218422340425,
      "podium_probability": 0.038823384295040904,
      "points_probability": 0.5394226580468219,
      "confidence_score": 0.5561038581184585,
      "pred_lr": 12,
      "score_lr": 11.831924550150498,
      "pred_rf": 6,
      "score_rf": 6.2874396991896955,
      "pred_xgb": 7,
      "score_xgb": 7.143764972686768,
      "pred_ensemble": 8,
      "score_ensemble": 7.575540575715322,
      "pred_finisher_regressor": 7,
      "score_finisher_regressor": 6.989067366129644,
      "pred_two_stage": 7,
      "score_two_stage": 6.504803096117279,
      "pred_rankblend": 7,
      "score_rankblend": 6.903843621424511
    },
    {
      "race_id": "2024_24",
      "driver": "HUL",
      "team": "Haas F1 Team",
      "year": 2024,
      "round": 24,
      "gp_name": "Abu Dhabi Grand Prix",
      "circuit": "Yas Island",
      "is_dnf": 0,
      "season_phase": "late",
      "actual_finish": 8,
      "dnf_probability": 0.020400093074231417,
      "podium_probability": 0.032002827959763204,
      "points_probability": 0.5022122556117649,
      "confidence_score": 0.5138149904972966,
      "pred_lr": 12,
      "score_lr": 12.328835946698707,
      "pred_rf": 7,
      "score_rf": 7.149163059163056,
      "pred_xgb": 8,
      "score_xgb": 8.081549644470215,
      "pred_ensemble": 8,
      "score_ensemble": 8.428905203824623,
      "pred_finisher_regressor": 8,
      "score_finisher_regressor": 7.988770884566654,
      "pred_two_stage": 8,